entryTimestamp,levelNum,sortAlgorithm,levelCompleted,mistakesMade,levelTime
2022-03-22 16:40:30,2,merge,0,3,0:00:39
2022-03-22 15:51:43,3,merge,0,3,0:03:08
2022-03-22 21:39:52,1,merge,1,0,0:00:20
2022-03-22 18:40:43,2,merge,0,3,0:01:06
2022-03-22 13:48:30,2,merge,1,0,0:01:37
2022-03-23 01:13:47,3,merge,1,2,0:04:43
2022-03-22 12:34:15,1,merge,1,0,0:00:22
2022-03-22 22:20:52,5,merge,1,0,0:14:17
2022-03-22 18:43:26,1,merge,1,0,0:00:13
2022-03-22 22:07:35,0,merge,1,1,0:02:19
2022-03-22 21:52:39,1,merge,1,0,0:00:11
2022-03-22 17:30:33,1,merge,1,0,0:00:21
2022-03-23 02:28:30,1,merge,1,0,0:00:10
2022-03-22 18:25:53,3,merge,1,1,0:03:55
2022-03-22 22:34:17,0,merge,1,1,0:06:29
2022-03-22 13:31:25,0,merge,1,2,0:10:00
2022-03-22 20:06:02,2,merge,1,1,0:01:43
2022-03-22 11:22:48,3,merge,1,2,0:03:06
2022-03-22 19:50:04,3,merge,0,3,0:04:27
2022-03-22 17:39:14,5,merge,0,3,0:11:08
2022-03-22 13:08:50,4,merge,1,0,0:06:51
2022-03-23 00:02:43,4,merge,0,3,0:08:54
2022-03-22 12:53:16,0,merge,0,3,0:10:44
2022-03-23 02:27:14,0,merge,0,3,0:02:53
2022-03-22 14:42:20,2,merge,1,1,0:00:47
2022-03-22 11:56:26,5,merge,0,3,0:13:13
2022-03-23 01:35:48,2,merge,1,1,0:01:38
2022-03-23 00:50:09,3,merge,1,2,0:04:44
2022-03-22 12:35:14,4,merge,0,3,0:06:16
2022-03-22 19:46:52,4,merge,1,2,0:06:01
2022-03-22 21:22:57,0,merge,0,3,0:15:24
2022-03-23 02:32:39,1,merge,1,0,0:00:13
2022-03-23 02:50:49,3,merge,0,3,0:04:46
2022-03-23 02:50:37,4,merge,1,0,0:07:48
2022-03-23 01:35:13,1,merge,1,0,0:00:17
2022-03-22 14:12:50,0,merge,0,3,0:07:36
2022-03-22 16:29:32,3,merge,0,3,0:04:36
2022-03-22 12:09:30,2,merge,1,1,0:01:57
2022-03-22 22:10:25,0,merge,0,3,0:08:38
2022-03-23 03:38:51,3,merge,1,0,0:04:34
2022-03-23 01:17:12,4,merge,1,1,0:09:33
2022-03-22 14:10:36,2,merge,1,0,0:01:40
2022-03-22 12:52:00,3,merge,1,1,0:04:50
2022-03-22 22:07:02,4,merge,1,1,0:07:36
2022-03-23 03:43:03,1,merge,1,0,0:00:22
2022-03-22 22:57:32,2,merge,1,1,0:01:19
2022-03-22 16:28:34,0,merge,1,0,0:12:14
2022-03-22 12:24:30,4,merge,1,2,0:09:43
2022-03-22 21:19:52,1,merge,1,0,0:00:23
2022-03-22 21:32:47,3,merge,1,2,0:03:26
2022-03-22 13:10:22,5,merge,1,1,0:10:51
2022-03-22 19:00:22,3,merge,0,3,0:04:53
2022-03-22 11:13:33,1,merge,1,0,0:00:12
2022-03-23 02:09:02,3,merge,0,3,0:03:01
2022-03-23 00:53:34,4,merge,1,1,0:05:16
2022-03-22 12:02:14,4,merge,0,3,0:06:28
2022-03-23 00:59:38,0,merge,0,3,0:17:31
2022-03-23 03:06:53,0,merge,0,3,0:04:53
2022-03-22 12:36:35,4,merge,1,2,0:05:48
2022-03-23 01:31:18,4,merge,0,3,0:09:48
2022-03-22 12:09:05,2,merge,1,1,0:01:10
2022-03-22 22:09:56,3,merge,1,1,0:04:25
2022-03-22 21:38:12,3,merge,0,3,0:04:23
2022-03-22 12:23:46,1,merge,1,0,0:00:15
2022-03-22 16:02:55,0,merge,0,3,0:17:29
2022-03-22 14:51:48,5,merge,0,3,0:12:09
2022-03-23 01:52:14,0,merge,1,0,0:02:38
2022-03-22 22:43:48,4,merge,1,0,0:06:39
2022-03-22 20:53:49,3,merge,0,3,0:04:22
2022-03-22 17:16:16,5,merge,0,3,0:10:38
2022-03-22 23:34:44,5,merge,1,2,0:13:48
2022-03-23 00:17:29,3,merge,1,1,0:04:30
2022-03-22 21:17:04,5,merge,1,2,0:11:22
2022-03-22 23:27:47,3,merge,1,1,0:04:16
2022-03-22 16:41:39,4,merge,1,1,0:06:38
2022-03-23 01:15:30,4,merge,0,3,0:05:06
2022-03-22 20:39:17,4,merge,0,3,0:09:34
2022-03-23 01:16:02,1,merge,1,0,0:00:23
2022-03-22 13:17:12,4,merge,0,3,0:08:16
2022-03-22 19:49:50,5,merge,1,1,0:10:38
2022-03-22 21:15:14,1,merge,1,0,0:00:19
2022-03-22 23:38:16,4,merge,1,0,0:07:54
2022-03-23 01:52:14,3,merge,1,1,0:04:54
2022-03-23 00:16:39,1,merge,1,0,0:00:18
2022-03-22 14:02:32,2,merge,1,1,0:00:43
2022-03-22 16:46:11,3,merge,1,2,0:04:45
2022-03-22 14:25:12,1,merge,1,0,0:00:13
2022-03-22 23:08:26,1,merge,1,0,0:00:26
2022-03-23 01:12:40,1,merge,1,0,0:00:29
2022-03-22 21:24:29,5,merge,1,2,0:18:31
2022-03-23 02:42:16,0,merge,1,1,0:02:58
2022-03-23 03:20:43,4,merge,1,0,0:06:35
2022-03-22 13:16:27,5,merge,0,3,0:16:38
2022-03-22 19:05:29,5,merge,0,3,0:10:44
2022-03-22 15:06:03,4,merge,1,1,0:09:57
2022-03-22 21:18:47,4,merge,0,3,0:07:59
2022-03-22 19:03:59,2,merge,0,3,0:01:36
2022-03-22 17:10:31,0,merge,0,3,0:08:58
2022-03-23 03:38:27,4,merge,1,1,0:07:17
2022-03-22 11:53:16,0,merge,1,2,0:19:33
2022-03-22 20:50:11,4,merge,1,2,0:08:59
2022-03-22 22:34:32,3,merge,1,2,0:04:14
2022-03-23 02:10:05,3,merge,0,3,0:03:13
2022-03-22 11:13:27,0,merge,0,3,0:03:43
2022-03-22 16:42:49,5,merge,1,1,0:12:18
2022-03-22 11:34:39,2,merge,0,3,0:01:45
2022-03-23 03:27:20,5,merge,1,2,0:15:31
2022-03-22 17:37:55,3,merge,0,3,0:03:05
2022-03-22 15:32:51,5,merge,0,3,0:17:17
2022-03-23 02:03:27,0,merge,0,3,0:16:39
2022-03-22 17:14:37,5,merge,1,1,0:10:22
2022-03-22 18:31:16,0,merge,1,0,0:02:36
2022-03-22 12:32:13,5,merge,0,3,0:12:08
2022-03-22 17:46:53,0,merge,0,3,0:05:54
2022-03-22 15:02:26,0,merge,0,3,0:04:15
2022-03-22 16:34:21,2,merge,0,3,0:01:59
2022-03-23 01:05:54,0,merge,0,3,0:13:27
2022-03-23 02:31:02,2,merge,1,0,0:01:11
2022-03-22 23:23:38,1,merge,1,0,0:00:26
2022-03-22 19:54:42,0,merge,0,3,0:07:09
2022-03-22 12:11:14,2,merge,1,0,0:01:30
2022-03-22 22:13:05,1,merge,1,0,0:00:19
2022-03-22 20:36:11,1,merge,1,0,0:00:13
2022-03-22 23:11:25,5,merge,1,0,0:13:28
2022-03-22 19:01:08,1,merge,1,0,0:00:17
2022-03-22 22:11:04,2,merge,1,0,0:01:34
2022-03-22 19:39:31,3,merge,1,2,0:04:12
2022-03-22 22:14:49,1,merge,1,0,0:00:18
2022-03-22 13:27:18,4,merge,0,3,0:05:51
2022-03-22 15:27:57,4,merge,0,3,0:05:43
2022-03-22 19:02:51,1,merge,1,0,0:00:17
2022-03-22 14:49:38,3,merge,0,3,0:04:59
2022-03-22 18:21:19,3,merge,1,1,0:04:07
2022-03-22 19:17:18,5,merge,0,3,0:14:36
2022-03-22 20:05:12,3,merge,1,1,0:03:23
2022-03-22 20:30:48,4,merge,1,2,0:06:26
2022-03-22 18:26:51,0,merge,0,3,0:05:02
2022-03-22 20:34:39,5,merge,1,1,0:17:08
2022-03-22 14:27:12,3,merge,1,1,0:04:00
2022-03-22 14:34:35,1,merge,1,0,0:00:15
2022-03-22 14:04:33,1,merge,1,0,0:00:13
2022-03-22 22:24:14,1,merge,1,0,0:00:27
2022-03-22 15:12:00,1,merge,1,0,0:00:18
2022-03-22 11:37:05,3,merge,0,3,0:03:31
2022-03-22 15:18:13,4,merge,0,3,0:05:26
2022-03-22 16:25:00,3,merge,1,0,0:03:45
2022-03-23 01:50:27,5,merge,0,3,0:19:58
2022-03-22 22:10:10,0,merge,0,3,0:18:08
2022-03-22 16:30:48,0,merge,1,2,0:07:10
2022-03-22 16:05:36,0,merge,0,3,0:16:36
2022-03-22 23:45:06,5,merge,0,3,0:17:19
2022-03-22 15:06:16,2,merge,1,0,0:01:19
2022-03-22 15:20:37,0,merge,0,3,0:06:32
2022-03-22 13:13:21,1,merge,1,0,0:00:14
2022-03-22 16:32:51,0,merge,0,3,0:12:07
2022-03-23 03:22:45,4,merge,0,3,0:06:43
2022-03-22 20:10:13,3,merge,0,3,0:04:59
2022-03-22 14:26:07,1,merge,1,0,0:00:10
2022-03-22 15:34:09,2,merge,1,1,0:01:12
2022-03-22 18:26:15,5,merge,0,3,0:10:52
2022-03-23 00:29:19,1,merge,1,0,0:00:14
2022-03-22 23:00:47,1,merge,1,0,0:00:18
2022-03-22 23:55:37,0,merge,1,1,0:03:38
2022-03-23 02:43:18,3,merge,1,2,0:03:08
2022-03-23 01:17:43,2,merge,0,3,0:01:18
2022-03-23 00:05:10,2,merge,1,1,0:00:43
2022-03-23 02:04:17,5,merge,1,2,0:18:36
2022-03-22 16:37:15,1,merge,1,0,0:00:17
2022-03-23 02:15:15,3,merge,1,1,0:04:48
2022-03-22 14:52:32,3,merge,1,2,0:04:27
2022-03-22 18:45:48,0,merge,0,3,0:13:21
2022-03-23 01:14:39,0,merge,0,3,0:04:23
2022-03-22 15:40:57,5,merge,1,1,0:17:49
2022-03-22 17:00:34,5,merge,1,0,0:12:38
2022-03-22 23:44:24,3,merge,1,1,0:03:37
2022-03-22 19:40:04,4,merge,1,1,0:05:45
2022-03-22 12:31:27,2,merge,0,3,0:01:45
2022-03-22 13:39:25,0,merge,1,2,0:17:54
2022-03-23 02:01:54,3,merge,1,2,0:04:40
2022-03-22 12:56:26,5,merge,1,1,0:10:48
2022-03-22 13:30:47,1,merge,1,0,0:00:27
2022-03-23 02:48:58,1,merge,1,0,0:00:10
2022-03-23 03:20:55,4,merge,0,3,0:06:39
2022-03-23 01:15:22,3,merge,0,3,0:03:42
2022-03-22 17:18:43,1,merge,1,0,0:00:17
2022-03-22 17:25:36,4,merge,0,3,0:08:11
2022-03-22 22:13:16,1,merge,1,0,0:00:27
2022-03-22 19:18:39,4,merge,1,1,0:06:58
2022-03-22 19:32:53,2,merge,1,0,0:01:01
2022-03-22 22:45:50,5,merge,1,0,0:11:39
2022-03-22 20:59:44,1,merge,1,0,0:00:18
2022-03-22 12:12:31,3,merge,0,3,0:04:55
2022-03-22 12:31:15,2,merge,1,1,0:01:58
2022-03-22 22:31:02,4,merge,1,1,0:07:55
2022-03-22 23:53:17,2,merge,1,1,0:00:49
2022-03-22 15:05:49,0,merge,0,3,0:08:55
2022-03-22 12:33:30,5,merge,0,3,0:13:38
2022-03-22 15:05:11,5,merge,0,3,0:19:25
2022-03-23 03:29:17,0,merge,0,3,0:13:45
2022-03-22 11:48:40,2,merge,0,3,0:00:31
2022-03-22 16:17:21,1,merge,1,0,0:00:24
2022-03-22 21:42:38,5,merge,0,3,0:13:53
2022-03-23 00:29:39,1,merge,1,0,0:00:11
2022-03-22 15:08:19,0,merge,0,3,0:05:16
2022-03-22 23:24:51,2,merge,0,3,0:01:49
2022-03-22 20:40:44,0,merge,0,3,0:07:04
2022-03-23 00:00:14,3,merge,1,0,0:03:46
2022-03-23 00:49:42,1,merge,1,0,0:00:10
2022-03-23 02:24:23,2,merge,1,0,0:00:53
2022-03-23 01:58:08,4,merge,1,1,0:08:38
2022-03-22 23:22:07,0,merge,1,2,0:17:13
2022-03-22 18:27:38,5,merge,1,1,0:11:56
2022-03-23 01:18:28,4,merge,1,0,0:07:29
2022-03-22 20:29:12,3,merge,1,0,0:04:48
2022-03-23 03:16:56,4,merge,1,0,0:09:47
2022-03-22 19:42:21,5,merge,1,2,0:13:16
2022-03-23 01:26:14,1,merge,1,0,0:00:27
2022-03-22 18:26:52,0,merge,1,0,0:08:52
2022-03-22 23:08:30,1,merge,1,0,0:00:12
2022-03-23 02:26:57,3,merge,1,1,0:03:17
2022-03-22 18:54:25,1,merge,1,0,0:00:16
2022-03-22 18:31:01,3,merge,1,2,0:04:17
2022-03-22 17:28:52,1,merge,1,0,0:00:25
2022-03-22 22:09:50,0,merge,0,3,0:03:04
2022-03-22 15:43:33,3,merge,0,3,0:04:51
2022-03-22 13:17:31,4,merge,1,0,0:08:23
2022-03-22 16:59:30,1,merge,1,0,0:00:20
2022-03-22 12:30:04,5,merge,0,3,0:11:56
2022-03-23 02:18:15,1,merge,1,0,0:00:24
2022-03-22 13:37:18,1,merge,1,0,0:00:11
2022-03-22 12:43:21,1,merge,1,0,0:00:15
2022-03-22 17:31:15,3,merge,1,0,0:04:27
2022-03-23 02:29:13,2,merge,1,1,0:01:16
2022-03-22 23:00:04,2,merge,1,0,0:01:33
2022-03-22 15:59:45,0,merge,0,3,0:04:29
2022-03-22 21:24:06,5,merge,1,2,0:15:00
2022-03-22 12:54:17,1,merge,1,0,0:00:29
2022-03-22 13:44:22,0,merge,1,1,0:19:38
2022-03-22 23:06:35,2,merge,1,0,0:01:36
2022-03-22 11:51:53,3,merge,1,0,0:04:12
2022-03-22 21:47:45,4,merge,1,2,0:09:40
2022-03-23 03:46:46,4,merge,1,2,0:09:44
2022-03-23 01:11:51,0,merge,1,0,0:12:26
2022-03-22 19:29:45,0,merge,1,0,0:11:05
2022-03-22 16:22:58,0,merge,1,1,0:09:27
2022-03-23 01:09:00,0,merge,1,2,0:10:57
2022-03-22 11:58:09,2,merge,1,1,0:00:41
2022-03-22 16:24:03,1,merge,1,0,0:00:12
2022-03-22 21:42:53,3,merge,0,3,0:04:39
2022-03-22 13:42:52,1,merge,1,0,0:00:18
2022-03-22 11:09:41,5,merge,1,1,0:13:55
2022-03-22 19:35:17,4,merge,0,3,0:07:18
2022-03-22 23:33:35,2,merge,1,0,0:01:37
2022-03-22 22:39:33,5,merge,0,3,0:13:43
2022-03-22 23:32:12,2,merge,1,0,0:01:01
2022-03-23 01:20:18,5,merge,1,2,0:19:58
2022-03-22 14:04:11,3,merge,1,1,0:03:20
2022-03-22 21:52:21,5,merge,1,2,0:19:49
2022-03-23 00:04:57,3,merge,1,0,0:03:05
2022-03-22 14:24:31,5,merge,1,2,0:18:08
2022-03-22 19:55:34,0,merge,0,3,0:15:15
2022-03-22 20:20:46,3,merge,1,1,0:03:19
2022-03-23 00:18:44,0,merge,0,3,0:16:14
2022-03-23 03:23:32,3,merge,0,3,0:04:28
2022-03-22 15:11:33,2,merge,1,1,0:00:43
2022-03-22 17:16:11,0,merge,0,3,0:06:14
2022-03-22 18:59:25,0,merge,1,2,0:08:25
2022-03-23 02:46:23,0,merge,1,0,0:09:04
2022-03-22 16:47:57,4,merge,1,0,0:07:28
2022-03-22 23:21:26,5,merge,0,3,0:18:21
2022-03-22 15:59:04,2,merge,1,0,0:00:41
2022-03-22 17:27:01,2,merge,0,3,0:00:59
2022-03-22 21:07:10,3,merge,1,2,0:04:26
2022-03-22 21:34:28,2,merge,0,3,0:01:58
2022-03-22 17:06:24,5,merge,1,1,0:16:15
2022-03-22 16:26:11,0,merge,0,3,0:02:28
2022-03-22 21:50:07,0,merge,1,1,0:16:04
2022-03-22 12:29:19,3,merge,1,1,0:04:34
2022-03-23 02:31:01,5,merge,1,2,0:12:02
2022-03-22 19:38:42,1,merge,1,0,0:00:27
2022-03-23 00:04:16,5,merge,1,2,0:14:27
2022-03-23 01:06:58,0,merge,0,3,0:17:39
2022-03-22 21:02:05,5,merge,1,1,0:17:35
2022-03-22 22:11:51,3,merge,0,3,0:03:55
2022-03-22 15:50:48,2,merge,1,1,0:00:57
2022-03-23 03:41:37,4,merge,0,3,0:09:20
2022-03-22 22:29:49,2,merge,1,0,0:01:53
2022-03-22 20:47:20,3,merge,0,3,0:03:08
2022-03-22 20:20:28,5,merge,0,3,0:14:29
2022-03-22 15:05:41,0,merge,1,0,0:17:44
2022-03-22 23:02:55,1,merge,1,0,0:00:29
2022-03-22 16:44:26,3,merge,1,2,0:03:33
2022-03-22 20:38:10,3,merge,1,1,0:03:55
2022-03-23 02:16:00,2,merge,0,3,0:00:36
2022-03-22 21:09:49,3,merge,1,1,0:03:56
2022-03-22 11:33:41,0,merge,0,3,0:14:12
2022-03-23 00:46:01,4,merge,1,0,0:06:23
2022-03-22 12:14:55,2,merge,0,3,0:01:21
2022-03-22 15:30:16,4,merge,1,0,0:08:08
2022-03-22 22:42:51,2,merge,1,1,0:00:44
2022-03-22 11:37:18,4,merge,0,3,0:08:33
2022-03-22 23:49:26,3,merge,1,0,0:04:30
2022-03-22 21:01:26,1,merge,1,0,0:00:21
2022-03-22 11:36:29,5,merge,1,2,0:14:49
2022-03-22 23:59:42,5,merge,1,0,0:18:42
2022-03-23 00:58:32,5,merge,1,2,0:19:24
2022-03-22 12:52:48,2,merge,1,0,0:00:42
2022-03-23 01:15:14,3,merge,1,2,0:03:53
2022-03-22 16:01:54,0,merge,1,1,0:10:39
2022-03-22 19:44:28,4,merge,0,3,0:05:38
2022-03-23 02:29:14,2,merge,0,3,0:00:57
2022-03-22 15:10:47,3,merge,1,1,0:03:28
2022-03-22 20:26:45,5,merge,0,3,0:17:38
2022-03-22 19:34:23,1,merge,1,0,0:00:27
2022-03-22 16:24:39,0,merge,1,1,0:13:50
2022-03-22 16:18:43,5,merge,0,3,0:18:21
2022-03-22 21:31:10,1,merge,1,0,0:00:10
2022-03-22 12:37:28,4,merge,1,1,0:07:32
2022-03-22 12:30:32,1,merge,1,0,0:00:21
2022-03-22 22:02:07,2,merge,1,0,0:01:14
2022-03-23 01:54:49,5,merge,1,2,0:17:18
2022-03-22 23:14:03,4,merge,0,3,0:05:56
2022-03-22 15:34:25,2,merge,1,0,0:01:16
2022-03-22 17:39:19,1,merge,1,0,0:00:23
2022-03-22 18:21:45,3,merge,1,1,0:03:53
2022-03-23 02:10:36,3,merge,1,0,0:04:26
2022-03-22 21:21:57,3,merge,1,2,0:04:38
2022-03-22 19:48:12,2,merge,1,1,0:01:20
2022-03-22 13:51:04,3,merge,0,3,0:03:36
2022-03-23 01:21:22,4,merge,1,1,0:05:12
2022-03-23 03:25:43,0,merge,0,3,0:04:41
2022-03-22 16:51:03,2,merge,1,0,0:01:46
2022-03-23 02:55:36,5,merge,1,1,0:16:38
2022-03-22 16:15:04,3,merge,0,3,0:04:20
2022-03-22 14:15:59,0,merge,0,3,0:10:39
2022-03-22 15:11:14,5,merge,1,1,0:12:20
2022-03-22 20:58:48,3,merge,0,3,0:04:04
2022-03-22 14:20:17,2,merge,1,1,0:01:20
2022-03-23 03:19:38,3,merge,1,2,0:03:44
2022-03-22 20:50:44,5,merge,1,0,0:16:18
2022-03-22 14:16:21,4,merge,1,2,0:09:16
2022-03-22 13:23:13,3,merge,1,1,0:04:56
2022-03-22 16:29:58,2,merge,1,0,0:00:42
2022-03-23 01:27:49,3,merge,1,1,0:04:01
2022-03-22 22:07:52,2,merge,1,0,0:01:42
2022-03-22 14:38:51,3,merge,1,2,0:03:47
2022-03-22 19:22:38,2,merge,1,1,0:00:39
2022-03-23 00:56:27,4,merge,1,1,0:05:00
2022-03-22 21:36:49,2,merge,0,3,0:00:33
2022-03-23 03:43:51,0,merge,1,2,0:16:54
2022-03-22 13:00:04,1,merge,1,0,0:00:21
2022-03-22 21:03:14,0,merge,0,3,0:03:44
2022-03-22 15:47:00,4,merge,1,2,0:08:15
2022-03-22 21:52:16,3,merge,1,0,0:03:20
2022-03-22 19:29:01,1,merge,1,0,0:00:20
2022-03-22 23:18:15,4,merge,1,1,0:07:20
2022-03-22 22:43:04,3,merge,1,2,0:04:57
2022-03-22 11:26:02,2,merge,0,3,0:01:03
2022-03-22 22:02:56,0,merge,0,3,0:10:32
2022-03-22 22:47:25,4,merge,0,3,0:08:47
2022-03-22 23:59:09,0,merge,0,3,0:19:26
2022-03-22 16:10:52,4,merge,1,0,0:09:17
2022-03-23 02:35:34,1,merge,1,0,0:00:26
2022-03-23 01:19:48,2,merge,1,1,0:01:33
2022-03-22 21:52:30,4,merge,1,1,0:06:57
2022-03-22 15:23:33,0,merge,0,3,0:07:26
2022-03-22 12:13:37,4,merge,0,3,0:08:04
2022-03-22 21:17:22,3,merge,1,2,0:04:15
2022-03-22 20:36:15,1,merge,1,0,0:00:16
2022-03-22 17:37:20,2,merge,0,3,0:01:03
2022-03-23 02:11:12,5,merge,1,1,0:14:56
2022-03-22 18:18:40,1,merge,1,0,0:00:21
2022-03-22 12:17:38,2,merge,1,0,0:01:09
2022-03-23 02:12:39,1,merge,1,0,0:00:11
2022-03-22 13:38:05,2,merge,1,1,0:01:23
2022-03-22 22:44:32,2,merge,1,1,0:01:12
2022-03-22 20:42:47,1,merge,1,0,0:00:16
2022-03-22 21:29:50,2,merge,1,0,0:00:54
2022-03-23 01:40:08,1,merge,1,0,0:00:29
2022-03-22 17:22:27,3,merge,1,0,0:03:05
2022-03-22 16:37:42,4,merge,1,1,0:08:46
2022-03-22 16:59:11,3,merge,1,2,0:03:01
2022-03-22 15:36:44,1,merge,1,0,0:00:14
2022-03-23 00:26:56,4,merge,0,3,0:05:34
2022-03-22 17:54:19,5,merge,1,0,0:12:40
2022-03-22 18:15:55,2,merge,0,3,0:01:08
2022-03-23 01:48:40,1,merge,1,0,0:00:16
2022-03-22 12:22:02,1,merge,1,0,0:00:18
2022-03-22 15:31:09,1,merge,1,0,0:00:13
2022-03-22 21:58:40,3,merge,1,2,0:03:17
2022-03-22 21:19:23,4,merge,0,3,0:08:03
2022-03-22 23:06:12,1,merge,1,0,0:00:15
2022-03-23 00:43:14,0,merge,0,3,0:03:35
2022-03-22 17:32:27,0,merge,0,3,0:10:15
2022-03-22 23:19:53,1,merge,1,0,0:00:20
2022-03-23 00:15:11,5,merge,0,3,0:13:59
2022-03-22 21:36:37,3,merge,1,1,0:03:16
2022-03-23 02:21:48,2,merge,1,1,0:01:18
2022-03-22 15:08:20,3,merge,0,3,0:04:29
2022-03-22 19:03:21,1,merge,1,0,0:00:16
2022-03-22 12:02:23,2,merge,1,1,0:01:39
2022-03-22 16:36:47,1,merge,1,0,0:00:15
2022-03-23 02:51:35,5,merge,1,1,0:16:52
2022-03-22 19:35:05,5,merge,0,3,0:13:42
2022-03-22 14:07:18,2,merge,1,0,0:01:20
2022-03-22 19:37:11,3,merge,1,0,0:03:27
2022-03-22 14:41:23,0,merge,0,3,0:18:54
2022-03-22 22:34:53,4,merge,0,3,0:05:04
2022-03-23 00:42:00,4,merge,1,0,0:05:04
2022-03-22 17:09:26,0,merge,1,2,0:03:36
2022-03-22 15:41:37,3,merge,1,2,0:04:07
2022-03-23 00:02:58,0,merge,1,2,0:19:45
2022-03-22 20:15:59,2,merge,0,3,0:01:45
2022-03-22 11:57:32,4,merge,0,3,0:09:58
2022-03-22 21:12:01,3,merge,1,0,0:04:36
2022-03-22 21:31:41,3,merge,1,2,0:04:06
2022-03-22 20:43:52,2,merge,1,1,0:00:40
2022-03-22 18:50:51,3,merge,1,2,0:04:03
2022-03-22 12:40:41,3,merge,1,2,0:03:44
2022-03-22 12:33:15,0,merge,0,3,0:16:29
2022-03-23 00:34:57,0,merge,0,3,0:06:53
2022-03-22 14:03:51,3,merge,1,0,0:04:53
2022-03-22 17:28:14,3,merge,0,3,0:03:15
2022-03-22 14:06:09,5,merge,0,3,0:11:16
2022-03-22 13:35:50,3,merge,0,3,0:03:48
2022-03-23 00:45:33,0,merge,1,1,0:03:54
2022-03-22 16:22:10,3,merge,0,3,0:03:42
2022-03-22 11:50:22,2,merge,1,0,0:00:35
2022-03-23 02:59:03,0,merge,0,3,0:16:31
2022-03-22 22:14:18,2,merge,1,0,0:01:08
2022-03-22 11:55:22,2,merge,1,1,0:01:15
2022-03-23 00:56:15,1,merge,1,0,0:00:13
2022-03-22 17:22:46,3,merge,1,0,0:04:23
2022-03-22 14:46:26,3,merge,1,2,0:04:37
2022-03-23 00:32:40,5,merge,1,2,0:10:23
2022-03-22 16:16:42,4,merge,0,3,0:09:58
2022-03-23 03:11:07,5,merge,0,3,0:19:11
2022-03-23 00:11:30,4,merge,1,1,0:07:16
2022-03-23 00:51:48,5,merge,1,1,0:17:45
2022-03-22 13:25:05,2,merge,1,0,0:01:16
2022-03-23 01:45:48,2,merge,1,0,0:00:50
2022-03-22 18:26:10,3,merge,0,3,0:03:44
2022-03-22 21:24:22,1,merge,1,0,0:00:16
2022-03-22 20:42:30,5,merge,0,3,0:15:42
2022-03-23 00:38:29,1,merge,1,0,0:00:25
2022-03-22 22:30:27,1,merge,1,0,0:00:24
2022-03-22 13:01:44,4,merge,0,3,0:06:42
2022-03-23 02:51:10,5,merge,1,2,0:18:09
2022-03-22 21:21:58,2,merge,1,1,0:01:01
2022-03-22 19:43:56,4,merge,1,1,0:07:36
2022-03-22 19:33:19,5,merge,1,2,0:19:13
2022-03-22 23:55:01,1,merge,1,0,0:00:28
2022-03-22 18:13:02,2,merge,1,0,0:01:44
2022-03-22 22:40:20,5,merge,0,3,0:10:11
2022-03-22 12:11:02,2,merge,1,0,0:01:03
2022-03-23 03:23:57,3,merge,1,2,0:03:51
2022-03-23 02:44:44,3,merge,1,0,0:03:12
2022-03-23 00:30:58,2,merge,1,1,0:01:10
2022-03-22 15:00:00,5,merge,0,3,0:11:24
2022-03-22 14:44:07,1,merge,1,0,0:00:16
2022-03-22 12:28:07,4,merge,1,2,0:09:13
2022-03-22 20:36:50,1,merge,1,0,0:00:29
2022-03-22 18:33:16,4,merge,1,1,0:07:26
2022-03-22 19:58:25,0,merge,1,2,0:06:39
2022-03-22 21:30:38,4,merge,1,0,0:09:53
2022-03-23 02:24:28,0,merge,1,2,0:13:28
2022-03-22 14:40:35,0,merge,1,0,0:07:21
2022-03-22 16:42:02,5,merge,0,3,0:16:23
2022-03-22 12:11:50,1,merge,1,0,0:00:14
2022-03-22 11:52:44,5,merge,0,3,0:15:01
2022-03-22 18:17:39,2,merge,0,3,0:01:52
2022-03-22 22:05:49,0,merge,1,1,0:06:25
2022-03-22 18:25:47,1,merge,1,0,0:00:28
2022-03-22 18:14:33,3,merge,1,1,0:03:03
2022-03-22 11:20:48,5,merge,0,3,0:13:16
2022-03-22 20:45:33,0,merge,1,0,0:12:38
2022-03-22 12:21:47,2,merge,1,0,0:01:01
2022-03-23 01:20:38,2,merge,1,1,0:01:40
2022-03-22 17:18:05,3,merge,1,0,0:03:14
2022-03-22 23:01:51,1,merge,1,0,0:00:18
2022-03-23 02:51:58,0,merge,0,3,0:03:12
2022-03-22 16:52:39,4,merge,0,3,0:08:14
2022-03-22 23:04:26,3,merge,0,3,0:03:10
2022-03-22 20:07:02,1,merge,1,0,0:00:17
2022-03-22 19:47:01,2,merge,1,0,0:00:31
2022-03-23 03:04:23,5,merge,1,0,0:17:19
2022-03-22 19:56:59,2,merge,1,1,0:01:03
2022-03-22 12:40:07,4,merge,1,0,0:07:44
2022-03-22 14:33:58,5,merge,1,1,0:15:43
2022-03-23 02:17:58,2,merge,1,0,0:01:16
2022-03-22 22:49:41,1,merge,1,0,0:00:23
2022-03-22 21:20:55,1,merge,1,0,0:00:15
2022-03-22 14:14:06,0,merge,0,3,0:10:07
2022-03-23 01:57:36,3,merge,1,1,0:03:46
2022-03-22 15:06:16,5,merge,0,3,0:19:50
2022-03-22 21:20:07,0,merge,0,3,0:04:37
2022-03-23 02:53:31,0,merge,1,1,0:18:59
2022-03-22 17:51:08,0,merge,1,0,0:16:55
2022-03-23 03:04:16,4,merge,1,2,0:09:54
2022-03-22 17:20:08,1,merge,1,0,0:00:10
2022-03-22 19:18:54,2,merge,1,0,0:00:34
2022-03-22 19:07:22,1,merge,1,0,0:00:26
2022-03-22 19:23:03,1,merge,1,0,0:00:27
2022-03-22 19:50:50,0,merge,1,1,0:12:56
2022-03-22 19:33:22,2,merge,0,3,0:00:39
2022-03-22 23:07:15,0,merge,0,3,0:14:37
2022-03-22 13:09:31,5,merge,0,3,0:19:40
2022-03-22 19:40:18,4,merge,1,0,0:09:07
2022-03-22 21:07:31,2,merge,1,1,0:01:13
2022-03-22 12:23:43,4,merge,0,3,0:08:54
2022-03-22 22:49:31,1,merge,1,0,0:00:20
2022-03-23 03:30:35,3,merge,1,1,0:04:57
2022-03-23 00:05:08,3,merge,1,0,0:04:40
2022-03-22 21:03:20,4,merge,1,0,0:08:13
2022-03-22 21:21:44,0,merge,1,1,0:06:51
2022-03-22 21:29:03,4,merge,0,3,0:07:50
2022-03-22 21:46:41,5,merge,0,3,0:18:19
2022-03-23 02:40:20,0,merge,1,0,0:07:39
2022-03-22 22:34:32,1,merge,1,0,0:00:16
2022-03-22 16:31:42,2,merge,1,0,0:01:40
2022-03-22 13:38:51,5,merge,1,1,0:13:33
2022-03-22 23:04:20,3,merge,1,2,0:03:17
2022-03-22 13:19:04,2,merge,1,0,0:00:52
2022-03-23 03:10:00,3,merge,1,1,0:04:51
2022-03-22 16:25:24,0,merge,0,3,0:13:55
2022-03-22 23:01:05,4,merge,0,3,0:05:46
2022-03-22 22:40:28,5,merge,0,3,0:19:31
2022-03-22 17:01:56,5,merge,0,3,0:17:24
2022-03-22 14:34:22,1,merge,1,0,0:00:11
2022-03-22 16:53:17,0,merge,0,3,0:18:44
2022-03-22 13:35:26,5,merge,0,3,0:10:06
2022-03-23 01:04:59,0,merge,0,3,0:03:25
2022-03-22 22:07:12,3,merge,1,0,0:03:16
2022-03-22 18:49:02,2,merge,0,3,0:00:34
2022-03-22 21:00:49,0,merge,1,2,0:02:59
2022-03-22 20:04:26,3,merge,1,2,0:04:52
2022-03-22 16:49:27,2,merge,1,0,0:01:39
2022-03-22 14:55:29,1,merge,1,0,0:00:26
2022-03-22 13:55:25,4,merge,1,1,0:08:43
2022-03-22 20:47:00,4,merge,1,1,0:08:23
2022-03-22 23:11:41,2,merge,1,0,0:01:15
2022-03-22 13:17:25,0,merge,0,3,0:17:51
2022-03-23 02:39:55,2,merge,1,0,0:00:41
2022-03-22 22:34:44,0,merge,1,1,0:04:26
2022-03-23 02:11:04,2,merge,1,1,0:01:58
2022-03-22 17:05:04,1,merge,1,0,0:00:21
2022-03-22 18:22:59,2,merge,0,3,0:01:14
2022-03-22 20:20:14,1,merge,1,0,0:00:29
2022-03-23 00:08:26,3,merge,1,1,0:03:04
2022-03-22 19:50:01,4,merge,1,1,0:09:51
2022-03-22 22:27:40,1,merge,1,0,0:00:22
2022-03-22 11:22:20,3,merge,1,0,0:03:26
2022-03-22 23:15:36,1,merge,1,0,0:00:19
2022-03-22 22:55:00,1,merge,1,0,0:00:29
2022-03-22 17:28:32,0,merge,0,3,0:15:22
2022-03-22 12:27:50,1,merge,1,0,0:00:20
2022-03-23 02:05:16,1,merge,1,0,0:00:22
2022-03-22 15:47:37,5,merge,1,0,0:14:32
2022-03-22 20:41:16,4,merge,0,3,0:09:26
2022-03-22 15:56:51,4,merge,1,1,0:09:16
2022-03-22 20:24:11,3,merge,0,3,0:04:04
2022-03-22 18:52:21,4,merge,0,3,0:08:02
2022-03-22 16:11:54,4,merge,0,3,0:09:14
2022-03-22 12:48:57,5,merge,0,3,0:19:03
2022-03-22 16:40:12,4,merge,1,1,0:05:38
2022-03-22 16:19:58,3,merge,0,3,0:03:53
2022-03-22 16:34:13,4,merge,1,1,0:05:11
2022-03-22 12:31:04,4,merge,1,1,0:09:10
2022-03-22 11:20:28,4,merge,1,2,0:09:13
2022-03-22 14:42:43,2,merge,0,3,0:01:01
2022-03-22 18:39:56,3,merge,1,2,0:04:46
2022-03-23 01:40:13,1,merge,1,0,0:00:18
2022-03-22 23:04:23,1,merge,1,0,0:00:17
2022-03-23 03:17:35,5,merge,0,3,0:18:19
2022-03-23 03:27:39,3,merge,1,2,0:03:40
2022-03-22 21:22:24,5,merge,1,1,0:11:00
2022-03-22 21:19:49,2,merge,1,1,0:01:41
2022-03-22 17:41:44,0,merge,1,2,0:07:00
2022-03-23 02:51:21,2,merge,1,1,0:01:17
2022-03-22 13:52:27,0,merge,1,1,0:18:42
2022-03-22 16:10:18,2,merge,1,0,0:01:47
2022-03-22 18:16:04,1,merge,1,0,0:00:22
2022-03-23 02:44:59,1,merge,1,0,0:00:13
2022-03-22 16:11:04,5,merge,0,3,0:13:38
2022-03-22 19:55:54,5,merge,0,3,0:16:32
2022-03-22 23:45:08,1,merge,1,0,0:00:10
2022-03-22 19:45:40,0,merge,1,1,0:05:52
2022-03-22 14:58:14,2,merge,1,0,0:00:50
2022-03-22 23:40:37,5,merge,0,3,0:13:44
2022-03-22 23:22:49,2,merge,1,0,0:01:07
2022-03-23 03:04:11,3,merge,1,2,0:04:12
2022-03-22 20:36:15,4,merge,0,3,0:08:19
2022-03-23 01:04:36,0,merge,0,3,0:07:10
2022-03-22 13:06:17,1,merge,1,0,0:00:18
2022-03-22 20:27:50,3,merge,1,0,0:03:12
2022-03-22 14:46:16,0,merge,1,2,0:09:52
2022-03-22 17:37:03,0,merge,0,3,0:14:45
2022-03-23 00:15:52,5,merge,1,0,0:19:19
2022-03-22 22:01:11,5,merge,1,1,0:18:51
2022-03-22 22:23:24,2,merge,1,0,0:00:44
2022-03-22 13:55:44,4,merge,0,3,0:07:00
2022-03-23 03:24:43,4,merge,1,0,0:07:25
2022-03-22 13:05:14,5,merge,1,1,0:18:02
2022-03-22 18:56:21,4,merge,0,3,0:09:22
2022-03-23 02:44:01,3,merge,0,3,0:03:30
2022-03-22 13:58:18,3,merge,1,1,0:04:20
2022-03-22 20:03:42,5,merge,1,2,0:16:41
2022-03-22 23:02:06,3,merge,1,2,0:04:28
2022-03-23 01:31:24,5,merge,1,1,0:13:12
2022-03-22 16:04:48,5,merge,1,0,0:12:45
2022-03-22 16:32:01,1,merge,1,0,0:00:19
2022-03-23 01:13:03,5,merge,0,3,0:17:18
2022-03-23 03:37:45,1,merge,1,0,0:00:24
2022-03-22 23:49:21,4,merge,1,0,0:06:02
2022-03-22 14:09:56,4,merge,1,0,0:07:51
2022-03-22 23:51:04,5,merge,1,2,0:19:45
2022-03-22 14:36:21,3,merge,0,3,0:04:53
2022-03-22 20:56:37,4,merge,1,1,0:08:08
2022-03-23 02:29:14,4,merge,0,3,0:09:16
2022-03-22 16:55:53,4,merge,1,2,0:08:15
2022-03-23 03:35:58,3,merge,0,3,0:03:45
2022-03-22 17:50:38,2,merge,1,1,0:00:46
2022-03-23 02:10:28,1,merge,1,0,0:00:26
2022-03-22 23:59:50,3,merge,0,3,0:03:35
2022-03-22 20:26:05,4,merge,0,3,0:06:47
2022-03-22 16:58:31,3,merge,0,3,0:04:56
2022-03-23 00:34:18,2,merge,0,3,0:01:14
2022-03-23 03:34:48,1,merge,1,0,0:00:28
2022-03-22 23:53:35,0,merge,0,3,0:13:15
2022-03-23 03:11:32,5,merge,1,2,0:18:58
2022-03-22 16:28:54,2,merge,1,1,0:00:50
2022-03-22 14:36:52,3,merge,1,2,0:04:25
2022-03-22 14:52:43,5,merge,1,1,0:12:49
2022-03-23 03:29:03,0,merge,0,3,0:18:09
2022-03-22 14:37:34,1,merge,1,0,0:00:11
2022-03-22 23:08:17,4,merge,1,2,0:07:08
2022-03-23 03:18:20,5,merge,1,1,0:13:17
2022-03-22 20:09:05,2,merge,1,1,0:01:18
2022-03-22 22:43:07,4,merge,0,3,0:05:26
2022-03-22 14:15:42,2,merge,1,0,0:00:46
2022-03-22 21:54:25,0,merge,0,3,0:15:31
2022-03-22 13:03:58,4,merge,1,0,0:07:12
2022-03-22 20:55:30,2,merge,1,1,0:01:20
2022-03-23 02:29:49,5,merge,0,3,0:14:59
2022-03-22 12:16:52,5,merge,1,1,0:11:38
2022-03-22 19:24:41,3,merge,1,2,0:03:06
2022-03-22 13:10:14,0,merge,0,3,0:05:45
2022-03-22 22:28:25,0,merge,1,1,0:18:49
2022-03-23 00:36:38,5,merge,0,3,0:10:14
2022-03-23 01:45:37,5,merge,1,0,0:10:10
2022-03-22 19:58:53,3,merge,0,3,0:04:24
2022-03-23 03:27:39,5,merge,0,3,0:18:24
2022-03-23 03:07:08,1,merge,1,0,0:00:21
2022-03-22 22:12:44,4,merge,1,2,0:08:28
2022-03-22 23:03:42,3,merge,1,0,0:04:12
2022-03-22 16:53:33,2,merge,1,0,0:00:34
2022-03-22 12:27:37,5,merge,1,1,0:13:24
2022-03-22 14:39:05,3,merge,1,2,0:03:01
2022-03-22 15:30:25,5,merge,0,3,0:18:31
2022-03-23 01:05:10,0,merge,0,3,0:08:04
2022-03-23 00:17:30,3,merge,0,3,0:04:16
2022-03-22 17:25:55,4,merge,1,0,0:08:07
2022-03-23 00:29:41,2,merge,0,3,0:01:32
2022-03-22 19:16:53,1,merge,1,0,0:00:28
2022-03-22 17:11:41,3,merge,0,3,0:04:57
2022-03-23 01:27:41,5,merge,0,3,0:10:38
2022-03-22 13:39:49,5,merge,0,3,0:13:05
2022-03-22 20:36:05,4,merge,1,1,0:07:02
2022-03-22 13:20:58,3,merge,1,1,0:03:04
2022-03-23 03:20:47,2,merge,1,1,0:00:57
2022-03-23 03:17:33,4,merge,0,3,0:09:29
2022-03-22 16:43:27,1,merge,1,0,0:00:29
2022-03-22 13:59:53,4,merge,1,1,0:09:14
2022-03-22 15:30:11,2,merge,1,1,0:00:38
2022-03-22 16:23:50,1,merge,1,0,0:00:29
2022-03-22 12:43:35,3,merge,1,1,0:03:37
2022-03-23 01:56:46,2,merge,1,1,0:00:43
2022-03-22 18:14:00,1,merge,1,0,0:00:18
2022-03-23 01:16:01,3,merge,1,1,0:03:25
2022-03-23 02:35:27,1,merge,1,0,0:00:21
2022-03-23 00:09:13,0,merge,0,3,0:14:15
2022-03-22 13:05:39,0,merge,1,0,0:08:40
2022-03-23 02:12:48,2,merge,1,1,0:01:36
2022-03-22 19:32:04,1,merge,1,0,0:00:10
2022-03-23 03:26:14,5,merge,0,3,0:12:45
2022-03-22 19:56:52,1,merge,1,0,0:00:10
2022-03-23 02:40:02,4,merge,1,0,0:05:46
2022-03-22 23:49:31,4,merge,0,3,0:07:56
2022-03-22 15:56:13,0,merge,0,3,0:04:18
2022-03-22 23:47:14,5,merge,1,2,0:18:06
2022-03-22 14:52:31,4,merge,0,3,0:05:13
2022-03-22 15:04:16,5,merge,0,3,0:18:55
2022-03-22 12:43:42,2,merge,1,1,0:01:37
2022-03-22 20:52:05,1,merge,1,0,0:00:18
2022-03-23 03:38:43,0,merge,1,1,0:03:09
2022-03-22 19:18:44,2,merge,1,0,0:01:10
2022-03-22 20:13:29,1,merge,1,0,0:00:18
2022-03-22 20:52:44,0,merge,0,3,0:05:10
2022-03-22 17:24:54,4,merge,1,0,0:09:00
2022-03-23 03:26:24,3,merge,1,1,0:04:27
2022-03-22 22:53:38,5,merge,1,0,0:19:51
2022-03-22 16:59:17,0,merge,1,0,0:13:49
2022-03-22 13:34:50,1,merge,1,0,0:00:27
2022-03-23 03:37:53,0,merge,1,1,0:03:22
2022-03-22 15:39:00,0,merge,1,2,0:12:47
2022-03-23 00:02:56,2,merge,1,0,0:00:31
2022-03-22 21:00:14,5,merge,0,3,0:15:36
2022-03-22 15:30:10,1,merge,1,0,0:00:21
2022-03-22 20:00:40,4,merge,0,3,0:07:41
2022-03-23 00:52:41,2,merge,1,0,0:00:50
2022-03-23 00:22:55,4,merge,1,0,0:09:32
2022-03-22 21:38:12,1,merge,1,0,0:00:17
2022-03-22 18:26:41,5,merge,1,0,0:19:36
2022-03-22 15:21:05,0,merge,0,3,0:15:36
2022-03-22 11:15:00,2,merge,0,3,0:01:34
2022-03-22 13:15:53,3,merge,0,3,0:03:16
2022-03-22 13:59:19,1,merge,1,0,0:00:14
2022-03-23 01:10:38,5,merge,0,3,0:16:47
2022-03-22 21:44:18,1,merge,1,0,0:00:13
2022-03-22 12:47:01,2,merge,0,3,0:00:35
2022-03-22 17:03:20,4,merge,1,0,0:08:55
2022-03-22 17:44:16,3,merge,1,1,0:03:45
2022-03-22 22:47:03,0,merge,1,0,0:12:30
2022-03-22 17:03:16,0,merge,0,3,0:05:16
2022-03-22 20:59:50,2,merge,1,1,0:00:36
2022-03-22 21:31:03,3,merge,1,0,0:04:57
2022-03-22 15:19:13,1,merge,1,0,0:00:24
2022-03-22 16:11:52,0,merge,1,0,0:02:06
2022-03-23 03:36:15,2,merge,1,0,0:00:30
2022-03-22 20:07:05,0,merge,1,0,0:02:59
2022-03-22 13:17:33,1,merge,1,0,0:00:29
2022-03-22 13:15:55,2,merge,1,0,0:01:28
2022-03-22 19:33:17,2,merge,1,0,0:01:59
2022-03-23 02:37:10,2,merge,1,0,0:00:37
2022-03-22 17:57:39,0,merge,1,0,0:08:21
2022-03-22 21:11:42,0,merge,1,0,0:19:53
2022-03-22 17:41:49,2,merge,1,1,0:00:56
2022-03-22 19:17:53,3,merge,1,1,0:04:05
2022-03-23 00:41:36,3,merge,1,0,0:03:09
2022-03-23 00:28:13,5,merge,1,0,0:11:42
2022-03-22 14:16:48,3,merge,1,0,0:04:24
2022-03-22 13:22:18,2,merge,1,1,0:01:50
2022-03-23 03:23:23,2,merge,1,0,0:01:01
2022-03-22 18:29:05,3,merge,0,3,0:04:51
2022-03-22 12:41:38,4,merge,1,1,0:05:42
2022-03-23 03:32:53,2,merge,1,0,0:00:49
2022-03-23 01:45:05,3,merge,1,2,0:04:07
2022-03-22 23:57:16,2,merge,1,0,0:00:53
2022-03-22 17:52:44,0,merge,1,0,0:04:02
2022-03-22 12:49:45,4,merge,1,0,0:05:15
2022-03-22 14:36:42,1,merge,1,0,0:00:17
2022-03-22 11:14:11,5,merge,1,1,0:11:26
2022-03-22 15:49:56,2,merge,1,1,0:01:29
2022-03-22 12:19:41,0,merge,1,1,0:11:06
2022-03-22 16:03:06,5,merge,1,2,0:14:37
2022-03-22 12:32:59,2,merge,1,1,0:00:41
2022-03-22 23:30:33,5,merge,0,3,0:18:45
2022-03-22 20:01:44,0,merge,1,1,0:02:22
2022-03-22 12:27:00,3,merge,1,1,0:03:12
2022-03-22 22:57:14,4,merge,1,1,0:06:02
2022-03-23 02:18:39,0,merge,1,0,0:11:34
2022-03-22 19:01:22,0,merge,0,3,0:04:10
2022-03-23 02:20:54,0,merge,0,3,0:11:45
2022-03-23 00:55:25,1,merge,1,0,0:00:22
2022-03-22 20:07:06,2,merge,1,0,0:00:31
2022-03-22 19:03:13,5,merge,1,0,0:13:03
2022-03-22 13:49:33,4,merge,0,3,0:08:18
2022-03-23 01:39:09,4,merge,0,3,0:08:59
2022-03-22 23:07:09,1,merge,1,0,0:00:19
2022-03-22 17:06:16,0,merge,1,0,0:09:49
2022-03-23 01:08:07,5,merge,0,3,0:13:31
2022-03-22 13:57:13,1,merge,1,0,0:00:23
2022-03-22 23:12:46,3,merge,1,0,0:03:21
2022-03-22 11:16:08,4,merge,1,1,0:08:45
2022-03-22 21:42:56,2,merge,0,3,0:01:25
2022-03-22 14:42:20,3,merge,1,2,0:03:27
2022-03-22 12:03:52,1,merge,1,0,0:00:18
2022-03-22 22:42:08,4,merge,1,2,0:06:37
2022-03-23 02:25:18,0,merge,0,3,0:04:10
2022-03-22 16:28:02,4,merge,1,2,0:08:37
2022-03-22 15:39:34,2,merge,1,1,0:01:31
2022-03-22 16:06:02,2,merge,1,1,0:00:49
2022-03-23 02:44:20,5,merge,0,3,0:12:19
2022-03-22 18:25:20,4,merge,1,2,0:09:15
2022-03-22 19:59:20,2,merge,1,1,0:01:24
2022-03-22 23:23:39,2,merge,1,1,0:01:14
2022-03-22 15:25:45,2,merge,0,3,0:00:42
2022-03-22 18:46:44,2,merge,1,0,0:01:55
2022-03-22 18:52:18,5,merge,1,2,0:11:14
2022-03-22 19:09:37,1,merge,1,0,0:00:11
2022-03-22 16:59:03,5,merge,1,2,0:10:04
2022-03-22 16:42:46,3,merge,1,1,0:03:55
2022-03-22 20:16:46,0,merge,0,3,0:19:57
2022-03-22 11:29:58,4,merge,0,3,0:09:39
2022-03-23 00:19:16,2,merge,1,0,0:01:36
2022-03-22 15:02:48,0,merge,0,3,0:13:21
2022-03-22 17:44:58,4,merge,0,3,0:09:52
2022-03-23 03:20:21,2,merge,0,3,0:00:33
2022-03-22 16:15:41,4,merge,0,3,0:07:13
2022-03-22 15:01:10,5,merge,0,3,0:11:40
2022-03-22 17:11:48,0,merge,0,3,0:04:47
2022-03-22 20:30:58,3,merge,1,0,0:03:55
2022-03-23 02:06:15,0,merge,1,1,0:05:26
2022-03-22 12:30:50,5,merge,1,1,0:14:17
2022-03-22 12:57:26,4,merge,1,0,0:09:01
2022-03-22 12:07:11,2,merge,1,1,0:01:21
2022-03-22 19:44:41,2,merge,1,0,0:01:33
2022-03-22 21:23:43,2,merge,1,1,0:01:54
2022-03-22 19:51:40,3,merge,1,2,0:04:52
2022-03-23 03:37:26,0,merge,1,2,0:15:53
2022-03-22 20:24:28,4,merge,0,3,0:06:16
2022-03-22 21:34:12,5,merge,0,3,0:14:11
2022-03-22 15:41:09,2,merge,1,1,0:00:33
2022-03-22 12:27:35,0,merge,0,3,0:07:42
2022-03-22 16:09:24,3,merge,1,0,0:04:44
2022-03-22 21:00:15,1,merge,1,0,0:00:20
2022-03-22 20:24:42,4,merge,1,1,0:08:49
2022-03-22 23:43:43,5,merge,1,2,0:19:46
2022-03-22 22:09:00,0,merge,0,3,0:07:22
2022-03-22 16:59:48,4,merge,1,1,0:05:06
2022-03-22 22:42:01,2,merge,0,3,0:00:46
2022-03-22 21:20:32,0,merge,0,3,0:11:44
2022-03-22 18:46:36,5,merge,1,0,0:18:34
2022-03-23 03:29:35,2,merge,0,3,0:01:58
2022-03-22 22:28:31,2,merge,0,3,0:01:37
2022-03-22 16:06:24,4,merge,1,2,0:06:06
2022-03-22 16:49:07,1,merge,1,0,0:00:19
2022-03-22 11:41:40,4,merge,1,2,0:09:30
2022-03-23 01:13:20,1,merge,1,0,0:00:18
2022-03-22 23:06:47,3,merge,1,1,0:04:34
2022-03-22 22:27:52,1,merge,1,0,0:00:23
2022-03-22 22:26:53,2,merge,1,1,0:01:18
2022-03-23 01:57:13,5,merge,0,3,0:18:07
2022-03-23 00:07:39,5,merge,0,3,0:16:24
2022-03-22 12:15:32,5,merge,1,1,0:13:19
2022-03-22 17:42:35,4,merge,0,3,0:07:56
2022-03-22 16:11:15,4,merge,0,3,0:07:32
2022-03-23 03:01:54,2,merge,1,1,0:00:33
2022-03-22 21:07:46,4,merge,1,1,0:05:18
2022-03-22 22:28:48,3,merge,0,3,0:03:29
2022-03-23 03:11:55,2,merge,0,3,0:01:23
2022-03-22 16:34:02,5,merge,0,3,0:17:37
2022-03-22 21:16:34,4,merge,1,1,0:09:06
2022-03-22 19:31:43,3,merge,1,0,0:04:57
2022-03-22 13:09:47,3,merge,1,2,0:03:40
2022-03-22 19:03:31,4,merge,1,0,0:07:02
2022-03-22 23:03:36,2,merge,1,1,0:01:17
2022-03-22 23:49:50,2,merge,1,1,0:00:41
2022-03-22 20:03:49,1,merge,1,0,0:00:10
2022-03-22 14:49:10,0,merge,1,2,0:10:47
2022-03-22 12:14:12,3,merge,1,1,0:04:32
2022-03-23 02:23:08,4,merge,1,0,0:06:24
2022-03-22 17:18:55,4,merge,0,3,0:06:34
2022-03-22 18:59:45,3,merge,0,3,0:03:27
2022-03-23 03:47:13,1,merge,1,0,0:00:27
2022-03-22 23:12:43,5,merge,1,1,0:17:17
2022-03-22 22:29:28,5,merge,1,0,0:19:40
2022-03-22 16:02:57,3,merge,0,3,0:03:26
2022-03-22 23:03:03,1,merge,1,0,0:00:20
2022-03-22 14:38:04,4,merge,1,1,0:07:25
2022-03-23 02:16:26,2,merge,1,1,0:01:01
2022-03-22 11:57:34,4,merge,1,1,0:08:39
2022-03-22 13:47:04,4,merge,1,2,0:07:22
2022-03-23 02:56:34,3,merge,0,3,0:03:15
2022-03-23 02:17:58,0,merge,1,2,0:06:34
2022-03-22 16:22:26,1,merge,1,0,0:00:15
2022-03-23 03:15:26,4,merge,1,2,0:05:12
2022-03-22 11:28:58,4,merge,1,1,0:09:31
2022-03-22 17:09:11,5,merge,1,1,0:17:55
2022-03-22 20:10:52,1,merge,1,0,0:00:10
2022-03-22 13:42:13,4,merge,0,3,0:07:11
2022-03-22 12:59:56,4,merge,1,1,0:05:44
2022-03-22 17:52:39,4,merge,1,0,0:09:59
2022-03-22 15:29:03,4,merge,1,2,0:06:10
2022-03-23 01:40:42,5,merge,1,0,0:14:52
2022-03-22 21:53:52,0,merge,1,0,0:11:25
2022-03-22 12:39:26,1,merge,1,0,0:00:12
2022-03-23 03:37:14,0,merge,1,0,0:11:20
2022-03-22 13:45:23,1,merge,1,0,0:00:24
2022-03-22 21:36:37,0,merge,0,3,0:09:39
2022-03-23 03:15:00,5,merge,1,2,0:13:06
2022-03-22 21:49:34,4,merge,0,3,0:09:22
2022-03-22 19:59:28,1,merge,1,0,0:00:14
2022-03-22 11:28:06,5,merge,0,3,0:16:38
2022-03-22 23:58:41,4,merge,1,1,0:07:16
2022-03-23 01:30:08,3,merge,1,1,0:04:31
2022-03-22 15:49:33,2,merge,0,3,0:01:40
2022-03-22 22:31:17,5,merge,1,1,0:16:55
2022-03-22 22:51:31,2,merge,1,1,0:01:55
2022-03-22 20:19:16,5,merge,1,1,0:14:39
2022-03-22 14:55:29,4,merge,1,1,0:07:57
2022-03-22 17:22:39,2,merge,0,3,0:00:45
2022-03-22 11:54:23,5,merge,0,3,0:18:45
2022-03-22 12:05:02,0,merge,0,3,0:15:59
2022-03-22 21:23:16,2,merge,0,3,0:01:45
2022-03-22 23:01:35,0,merge,0,3,0:04:27
2022-03-23 01:00:31,0,merge,0,3,0:04:30
2022-03-22 19:35:35,3,merge,1,0,0:04:11
2022-03-23 01:24:20,3,merge,1,2,0:03:04
2022-03-23 01:26:47,0,merge,0,3,0:04:28
2022-03-22 14:08:23,1,merge,1,0,0:00:18
2022-03-22 12:13:20,5,merge,0,3,0:18:47
2022-03-22 22:34:55,0,merge,1,1,0:14:12
2022-03-22 14:10:28,0,merge,0,3,0:18:36
2022-03-22 16:14:13,1,merge,1,0,0:00:24
2022-03-22 16:37:38,0,merge,1,0,0:10:44
2022-03-22 11:50:38,5,merge,0,3,0:19:23
2022-03-23 00:51:21,5,merge,1,0,0:16:17
2022-03-23 03:41:22,3,merge,1,2,0:04:37
2022-03-22 13:09:38,5,merge,0,3,0:15:17
2022-03-23 02:58:13,1,merge,1,0,0:00:21
2022-03-22 22:36:04,1,merge,1,0,0:00:18
2022-03-22 22:09:51,4,merge,1,0,0:05:55
2022-03-22 14:13:59,1,merge,1,0,0:00:28
2022-03-23 02:57:53,3,merge,1,0,0:03:59
2022-03-23 00:34:31,2,merge,1,1,0:01:07
2022-03-23 00:49:15,5,merge,1,2,0:16:17
2022-03-22 21:55:46,5,merge,0,3,0:18:37
2022-03-22 19:10:35,2,merge,1,1,0:01:43
2022-03-22 15:14:41,0,merge,0,3,0:10:44
2022-03-23 01:41:01,0,merge,0,3,0:04:31
2022-03-22 15:16:13,3,merge,1,0,0:04:41
2022-03-23 03:34:33,4,merge,0,3,0:08:03
2022-03-22 11:17:09,3,merge,0,3,0:03:58
2022-03-22 13:49:42,0,merge,0,3,0:15:26
2022-03-22 15:58:18,4,merge,0,3,0:06:46
2022-03-22 12:34:10,1,merge,1,0,0:00:20
2022-03-23 01:31:08,4,merge,0,3,0:08:08
2022-03-23 03:16:31,1,merge,1,0,0:00:18
2022-03-22 14:41:44,5,merge,1,1,0:19:21
2022-03-22 13:49:55,5,merge,0,3,0:16:36
2022-03-22 13:55:13,0,merge,1,1,0:10:16
2022-03-22 15:30:10,5,merge,1,0,0:17:23
2022-03-23 03:29:35,0,merge,1,2,0:05:53
2022-03-22 17:04:03,0,merge,0,3,0:02:04
2022-03-22 15:28:03,2,merge,1,1,0:01:27
2022-03-22 14:39:25,1,merge,1,0,0:00:21
2022-03-22 21:02:15,4,merge,0,3,0:06:49
2022-03-22 18:44:19,4,merge,1,1,0:05:25
2022-03-22 18:24:31,3,merge,1,0,0:03:29
2022-03-23 01:59:54,4,merge,0,3,0:06:37
2022-03-22 14:48:01,2,merge,1,0,0:00:32
2022-03-23 03:11:03,4,merge,1,0,0:08:23
2022-03-23 00:07:42,0,merge,1,0,0:08:16
2022-03-22 15:03:41,2,merge,1,0,0:01:04
2022-03-23 01:48:12,3,merge,1,2,0:03:54
2022-03-22 21:42:08,4,merge,0,3,0:07:39
2022-03-22 23:07:22,2,merge,1,0,0:01:02
2022-03-22 16:22:49,2,merge,1,0,0:00:53
2022-03-22 16:25:59,3,merge,1,2,0:04:49
2022-03-23 00:39:02,5,merge,1,0,0:16:10
2022-03-22 21:16:50,4,merge,1,2,0:08:45
2022-03-22 20:00:27,1,merge,1,0,0:00:28
2022-03-22 12:36:02,2,merge,1,0,0:01:42
2022-03-22 23:13:59,3,merge,1,0,0:04:26
2022-03-23 02:41:38,2,merge,0,3,0:01:31
2022-03-22 15:52:38,5,merge,0,3,0:11:53
2022-03-23 02:08:37,4,merge,0,3,0:08:06
2022-03-23 02:22:09,0,merge,1,0,0:17:52
2022-03-22 13:02:25,1,merge,1,0,0:00:21
2022-03-23 00:52:25,3,merge,1,0,0:04:27
2022-03-22 13:47:50,5,merge,0,3,0:17:42
2022-03-22 21:39:58,4,merge,0,3,0:08:15
2022-03-22 19:54:55,1,merge,1,0,0:00:22
2022-03-22 21:45:07,2,merge,1,1,0:01:35
2022-03-22 12:51:58,3,merge,1,0,0:03:04
2022-03-22 15:04:52,2,merge,1,0,0:01:47
2022-03-22 22:47:02,5,merge,0,3,0:10:43
2022-03-22 14:29:07,4,merge,1,0,0:05:13
2022-03-22 16:32:37,2,merge,0,3,0:01:48
2022-03-23 02:42:15,0,merge,0,3,0:02:11
2022-03-22 23:00:02,4,merge,1,2,0:09:05
2022-03-22 13:09:10,4,merge,0,3,0:08:11
2022-03-23 01:26:58,4,merge,0,3,0:08:10
2022-03-22 23:27:47,5,merge,1,0,0:15:32
2022-03-22 19:05:45,2,merge,1,1,0:01:42
2022-03-23 01:25:23,5,merge,1,1,0:16:26
2022-03-22 19:44:55,1,merge,1,0,0:00:18
2022-03-22 23:38:29,0,merge,0,3,0:10:41
2022-03-22 15:14:02,5,merge,1,0,0:15:41
2022-03-22 15:02:59,0,merge,1,0,0:07:37
2022-03-22 19:15:26,1,merge,1,0,0:00:12
2022-03-22 16:00:26,3,merge,1,2,0:03:17
2022-03-23 00:04:20,1,merge,1,0,0:00:29
2022-03-22 23:43:01,3,merge,1,1,0:04:31
2022-03-22 20:58:15,3,merge,1,1,0:03:44
2022-03-22 17:06:35,0,merge,1,0,0:12:51
2022-03-23 02:43:10,2,merge,1,0,0:01:56
2022-03-22 18:47:11,1,merge,1,0,0:00:13
2022-03-22 17:54:33,3,merge,1,2,0:04:50
2022-03-23 01:22:20,3,merge,1,2,0:03:23
2022-03-22 12:39:15,2,merge,1,0,0:00:59
2022-03-23 00:52:52,1,merge,1,0,0:00:25
2022-03-22 16:24:22,2,merge,1,1,0:01:36
2022-03-22 21:58:35,3,merge,0,3,0:04:29
2022-03-22 22:58:15,3,merge,0,3,0:04:22
2022-03-22 11:37:22,2,merge,0,3,0:01:45
2022-03-22 11:21:38,5,merge,1,1,0:15:05
2022-03-22 19:15:28,4,merge,0,3,0:06:38
2022-03-22 14:29:45,5,merge,0,3,0:10:10
